OBJECTID,CRECID,OS12FIG,EASTING,NORTHING,TRUNK_NON,POSSDUPLIC,DEERSPP,INCCOUNTRY,INCCOUNTY,INCMONTH,INCROADNO,INCYEAR,PEOPLEINJY,PERSTITLE,REALINCDAT,YEARSPAN,OID_T
5169,12827372.000000,253376658162,253376.000000,658162.000000,,0.000000,DeSppNK,,GLASGOW_CITY,0.000000,M77,2012.000000,0.000000,,16/07/2012,,3904.00000000
2326,12805164.000000,253611658459,253611.000000,658459.000000,,0.000000,DeSppNK,,GLASGOW_CITY,0.000000,M77,2009.000000,0.000000,,13/05/2009,,842.00000000
3950,12827384.000000,253618658518,253618.000000,658518.000000,,0.000000,DeSppNK,,GLASGOW_CITY,0.000000,M77,2012.000000,0.000000,,07/08/2012,,3596.00000000
1680,12751479.000000,253675658976,253675.000000,658976.000000,,0.000000,DeSppNK,,GLASGOW_CITY,0.000000,M77,2007.000000,0.000000,,10/07/2007,,2796.00000000
5909,12827715.000000,254029659056,254029.000000,659056.000000,,0.000000,DeSppNK,,GLASGOW_CITY,0.000000,,2012.000000,0.000000,,10/09/2012,,3271.00000000
1705,12807405.000000,253611659192,253611.000000,659192.000000,,0.000000,DeSppNK,,GLASGOW_CITY,0.000000,M77,2009.000000,0.000000,,26/05/2009,,683.00000000
5430,12824428.000000,253632659261,253632.000000,659261.000000,,0.000000,DeSppNK,,GLASGOW_CITY,0.000000,M77,2011.000000,0.000000,,16/08/2011,,4776.00000000
4026,12814211.000000,253644659268,253644.000000,659268.000000,,0.000000,DeSppNK,,GLASGOW_CITY,0.000000,M77,2010.000000,0.000000,,25/07/2010,,5196.00000000
10231,12827402.000000,253629659308,253629.000000,659308.000000,,0.000000,DeSppNK,,GLASGOW_CITY,0.000000,M77,2012.000000,0.000000,,21/09/2012,,7579.00000000
1804,12749503.000000,251620659516,251620.000000,659516.000000,,0.000000,DeSppNK,,GLASGOW_CITY,0.000000,B773,2007.000000,0.000000,,25/01/2007,,2203.00000000
12753,12749627.000000,251620659516,251620.000000,659516.000000,,0.000000,DeSppNK,,GLASGOW_CITY,0.000000,B773,2006.000000,0.000000,,22/05/2006,,9035.00000000
12184,12827243.000000,253796659679,253796.000000,659679.000000,,0.000000,DeSppNK,,GLASGOW_CITY,0.000000,M77,2012.000000,0.000000,,24/04/2012,,6462.00000000
1803,12729471.000000,251900659700,251900.000000,659700.000000,,0.000000,Roe,,GLASGOW_CITY,0.000000,B773,2007.000000,0.000000,,25/01/2007,,2202.00000000
10258,12827710.000000,252943659838,252943.000000,659838.000000,,0.000000,DeSppNK,,GLASGOW_CITY,0.000000,,2012.000000,0.000000,,16/01/2012,,7606.00000000
4283,12814192.000000,253875659873,253875.000000,659873.000000,,0.000000,DeSppNK,,GLASGOW_CITY,0.000000,M77,2010.000000,0.000000,,12/06/2010,,6009.00000000
3701,12824431.000000,253889659926,253889.000000,659926.000000,,0.000000,DeSppNK,,GLASGOW_CITY,0.000000,M77,2011.000000,0.000000,,23/05/2011,,5983.00000000
3705,12824432.000000,253904659935,253904.000000,659935.000000,,0.000000,DeSppNK,,GLASGOW_CITY,0.000000,M77,2011.000000,0.000000,,22/05/2011,,5987.00000000
4072,12827255.000000,253893660314,253893.000000,660314.000000,,0.000000,DeSppNK,,GLASGOW_CITY,0.000000,M77,2012.000000,0.000000,,01/05/2012,,6201.00000000
10187,12827739.000000,259350660332,259350.000000,660332.000000,,0.000000,DeSppNK,,GLASGOW_CITY,0.000000,,2012.000000,0.000000,,26/03/2012,,6773.00000000
10622,12814143.000000,253858660387,253858.000000,660387.000000,,0.000000,DeSppNK,,GLASGOW_CITY,0.000000,M77,2010.000000,0.000000,,17/05/2010,,6899.00000000
1735,12755423.000000,253817660495,253817.000000,660495.000000,,0.000000,DeSppNK,,GLASGOW_CITY,0.000000,M77,2008.000000,0.000000,,20/11/2008,,1421.00000000
4191,12827354.000000,253760660560,253760.000000,660560.000000,,0.000000,DeSppNK,,GLASGOW_CITY,0.000000,M77,2012.000000,0.000000,,18/06/2012,,4450.00000000
11982,12827718.000000,254609660591,254609.000000,660591.000000,,0.000000,DeSppNK,,GLASGOW_CITY,0.000000,,2012.000000,0.000000,,12/12/2012,,6416.00000000
4703,12825461.000000,253664660727,253664.000000,660727.000000,,0.000000,DeSppNK,,GLASGOW_CITY,0.000000,M77,2011.000000,0.000000,,14/05/2011,,6276.00000000
1213,12751392.000000,253615660869,253615.000000,660869.000000,,0.000000,DeSppNK,,GLASGOW_CITY,0.000000,M77,2007.000000,0.000000,,03/04/2007,,2070.00000000
4092,12824427.000000,253618660933,253618.000000,660933.000000,,0.000000,DeSppNK,,GLASGOW_CITY,0.000000,M77,2011.000000,0.000000,,20/05/2011,,6221.00000000
116,12749170.000000,251433660996,251433.000000,660996.000000,,0.000000,DeSppNK,,GLASGOW_CITY,0.000000,A726,2008.000000,0.000000,,13/05/2008,,1021.00000000
751,12755440.000000,253647661148,253647.000000,661148.000000,,0.000000,DeSppNK,,GLASGOW_CITY,0.000000,M77,2009.000000,0.000000,,07/02/2009,,1200.00000000
4093,12824429.000000,253648661150,253648.000000,661150.000000,,0.000000,DeSppNK,,GLASGOW_CITY,0.000000,M77,2011.000000,0.000000,,20/05/2011,,6222.00000000
12176,12827244.000000,253664661181,253664.000000,661181.000000,,0.000000,DeSppNK,,GLASGOW_CITY,0.000000,M77,2012.000000,0.000000,,25/04/2012,,6454.00000000
6216,12814427.000000,254787661194,254787.000000,661194.000000,,0.000000,DeSppNK,,GLASGOW_CITY,0.000000,B762,2010.000000,0.000000,,01/01/2010,,4954.00000000
6681,12749522.000000,254038661195,254038.000000,661195.000000,,0.000000,DeSppNK,,GLASGOW_CITY,0.000000,B762,2006.000000,0.000000,,15/12/2006,,11573.00000000
11834,12814430.000000,255545661199,255545.000000,661199.000000,,0.000000,DeSppNK,,GLASGOW_CITY,0.000000,B762,2010.000000,0.000000,,07/05/2010,,7182.00000000
1214,12751391.000000,253655661206,253655.000000,661206.000000,,0.000000,DeSppNK,,GLASGOW_CITY,0.000000,M77,2007.000000,0.000000,,03/04/2007,,2071.00000000
12177,12827245.000000,253728661242,253728.000000,661242.000000,,0.000000,DeSppNK,,GLASGOW_CITY,0.000000,M77,2012.000000,0.000000,,25/04/2012,,6455.00000000
5121,12749460.000000,253658661278,253658.000000,661278.000000,,0.000000,DeSppNK,,GLASGOW_CITY,0.000000,M77,2007.000000,0.000000,,01/05/2007,,3093.00000000
5942,12827725.000000,255799661290,255799.000000,661290.000000,,0.000000,DeSppNK,,GLASGOW_CITY,0.000000,,2012.000000,0.000000,,26/08/2012,,3304.00000000
1187,12749465.000000,253721661295,253721.000000,661295.000000,,0.000000,DeSppNK,,GLASGOW_CITY,0.000000,M77,2007.000000,0.000000,,22/04/2007,,2044.00000000
10621,12814141.000000,253743661337,253743.000000,661337.000000,,0.000000,DeSppNK,,GLASGOW_CITY,0.000000,M77,2010.000000,0.000000,,17/05/2010,,6898.00000000
5051,12814204.000000,253804661391,253804.000000,661391.000000,,0.000000,DeSppNK,,GLASGOW_CITY,0.000000,M77,2010.000000,0.000000,,09/07/2010,,5460.00000000
5129,12751411.000000,253891661400,253891.000000,661400.000000,,0.000000,DeSppNK,,GLASGOW_CITY,0.000000,M77,2007.000000,0.000000,,01/05/2007,,3101.00000000
5397,12827341.000000,253872661531,253872.000000,661531.000000,,0.000000,DeSppNK,,GLASGOW_CITY,0.000000,M77,2012.000000,0.000000,,07/06/2012,,4743.00000000
3229,12827324.000000,253922661635,253922.000000,661635.000000,,0.000000,DeSppNK,,GLASGOW_CITY,0.000000,M77,2012.000000,0.000000,,02/06/2012,,5007.00000000
3498,12824434.000000,253929661650,253929.000000,661650.000000,,0.000000,DeSppNK,,GLASGOW_CITY,0.000000,M77,2011.000000,0.000000,,29/05/2011,,5932.00000000
5712,12805175.000000,253933661690,253933.000000,661690.000000,,0.000000,DeSppNK,,GLASGOW_CITY,0.000000,M77,2010.000000,0.000000,,13/03/2010,,3227.00000000
5713,12805174.000000,253936661704,253936.000000,661704.000000,,0.000000,DeSppNK,,GLASGOW_CITY,0.000000,M77,2010.000000,0.000000,,13/03/2010,,3228.00000000
4094,12824433.000000,253922661713,253922.000000,661713.000000,,0.000000,DeSppNK,,GLASGOW_CITY,0.000000,M77,2011.000000,0.000000,,20/05/2011,,6223.00000000
2873,12755456.000000,253944661750,253944.000000,661750.000000,,0.000000,DeSppNK,,GLASGOW_CITY,0.000000,M77,2009.000000,0.000000,,15/03/2009,,227.00000000
270,12805170.000000,253932661754,253932.000000,661754.000000,,0.000000,DeSppNK,,GLASGOW_CITY,0.000000,M77,2009.000000,0.000000,,27/07/2009,,321.00000000
2216,12751546.000000,253946661757,253946.000000,661757.000000,,0.000000,DeSppNK,,GLASGOW_CITY,0.000000,M77,2008.000000,0.000000,,06/03/2008,,2311.00000000
4192,12827353.000000,253958661892,253958.000000,661892.000000,,0.000000,DeSppNK,,GLASGOW_CITY,0.000000,M77,2012.000000,0.000000,,18/06/2012,,4451.00000000
1703,12805166.000000,253968661951,253968.000000,661951.000000,,0.000000,DeSppNK,,GLASGOW_CITY,0.000000,M77,2009.000000,0.000000,,27/05/2009,,681.00000000
340,12749189.000000,256225661962,256225.000000,661962.000000,,0.000000,DeSppNK,,GLASGOW_CITY,0.000000,B769,2008.000000,0.000000,,28/04/2008,,1093.00000000
4519,12827779.000000,267638662052,267638.000000,662052.000000,,0.000000,DeSppNK,,GLASGOW_CITY,0.000000,,2012.000000,0.000000,,01/05/2012,,6194.00000000
9701,41885.000000,254000662100,254000.000000,662100.000000,,0.000000,Red,,GLASGOW_CITY,0.000000,m77,2004.000000,0.000000,,02/07/2004,,8291.00000000
5915,12827400.000000,266397662197,266397.000000,662197.000000,,0.000000,DeSppNK,,GLASGOW_CITY,0.000000,M74,2012.000000,0.000000,,08/09/2012,,3277.00000000
2431,12751540.000000,266115662203,266115.000000,662203.000000,,0.000000,DeSppNK,,GLASGOW_CITY,0.000000,M74,2008.000000,0.000000,,12/02/2008,,2374.00000000
3928,12827388.000000,266736662220,266736.000000,662220.000000,,0.000000,DeSppNK,,GLASGOW_CITY,0.000000,M74,2012.000000,0.000000,,10/08/2012,,3574.00000000
10029,12827410.000000,266559662224,266559.000000,662224.000000,,0.000000,DeSppNK,,GLASGOW_CITY,0.000000,M74,2012.000000,0.000000,,08/10/2012,,7533.00000000
11861,12805158.000000,266840662235,266840.000000,662235.000000,,0.000000,DeSppNK,,GLASGOW_CITY,0.000000,M74,2010.000000,0.000000,,03/05/2010,,7209.00000000
5481,12827289.000000,267806662260,267806.000000,662260.000000,,0.000000,DeSppNK,,GLASGOW_CITY,0.000000,M74,2012.000000,0.000000,,19/05/2012,,5584.00000000
5480,12827292.000000,254056662274,254056.000000,662274.000000,,0.000000,DeSppNK,,GLASGOW_CITY,0.000000,M77,2012.000000,0.000000,,19/05/2012,,5583.00000000
5083,12751421.000000,264610662298,264610.000000,662298.000000,,0.000000,DeSppNK,,GLASGOW_CITY,0.000000,M74,2007.000000,0.000000,,08/05/2007,,3055.00000000
9807,12805157.000000,267563662298,267563.000000,662298.000000,,0.000000,DeSppNK,,GLASGOW_CITY,0.000000,M74,2010.000000,0.000000,,19/04/2010,,7467.00000000
1215,12751390.000000,264288662304,264288.000000,662304.000000,,0.000000,DeSppNK,,GLASGOW_CITY,0.000000,M74,2007.000000,0.000000,,03/04/2007,,2072.00000000
4073,12827253.000000,267628662308,267628.000000,662308.000000,,0.000000,DeSppNK,,GLASGOW_CITY,0.000000,M74,2012.000000,0.000000,,01/05/2012,,6202.00000000
9991,12827231.000000,264777662309,264777.000000,662309.000000,,0.000000,DeSppNK,,GLASGOW_CITY,0.000000,M74,2012.000000,0.000000,,10/04/2012,,6734.00000000
10378,12824464.000000,267240662316,267240.000000,662316.000000,,0.000000,DeSppNK,,GLASGOW_CITY,0.000000,M74,2011.000000,0.000000,,26/04/2011,,6810.00000000
4495,12827260.000000,265319662348,265319.000000,662348.000000,,0.000000,DeSppNK,,GLASGOW_CITY,0.000000,M74,2012.000000,0.000000,,04/05/2012,,6170.00000000
1900,12805165.000000,254374662594,254374.000000,662594.000000,,0.000000,DeSppNK,,GLASGOW_CITY,0.000000,M77,2009.000000,0.000000,,23/05/2009,,724.00000000
10601,12814146.000000,254531662652,254531.000000,662652.000000,,0.000000,DeSppNK,,GLASGOW_CITY,0.000000,M77,2010.000000,0.000000,,19/05/2010,,6878.00000000
3979,12805171.000000,254568662667,254568.000000,662667.000000,,0.000000,DeSppNK,,GLASGOW_CITY,0.000000,M77,2009.000000,0.000000,,10/08/2009,,4390.00000000
3153,12825469.000000,255991662670,255991.000000,662670.000000,,0.000000,DeSppNK,,GLASGOW_CITY,0.000000,,2011.000000,0.000000,,11/01/2011,,3407.00000000
1766,12755421.000000,254694662741,254694.000000,662741.000000,,0.000000,DeSppNK,,GLASGOW_CITY,0.000000,M77,2008.000000,0.000000,,15/11/2008,,1452.00000000
3222,12827328.000000,254678662747,254678.000000,662747.000000,,0.000000,DeSppNK,,GLASGOW_CITY,0.000000,M77,2012.000000,0.000000,,03/06/2012,,5000.00000000
5112,12749457.000000,266147662836,266147.000000,662836.000000,,0.000000,DeSppNK,,GLASGOW_CITY,0.000000,U,2007.000000,0.000000,,03/05/2007,,3084.00000000
5113,12749458.000000,267021662867,267021.000000,662867.000000,,0.000000,DeSppNK,,GLASGOW_CITY,0.000000,A74,2007.000000,0.000000,,03/05/2007,,3085.00000000
5777,12805173.000000,255095663079,255095.000000,663079.000000,,0.000000,DeSppNK,,GLASGOW_CITY,0.000000,M77,2009.000000,0.000000,,02/10/2009,,4056.00000000
4113,12824435.000000,255234663122,255234.000000,663122.000000,,0.000000,DeSppNK,,GLASGOW_CITY,0.000000,M77,2011.000000,0.000000,,18/05/2011,,6242.00000000
3245,12827322.000000,255488663185,255488.000000,663185.000000,,0.000000,DeSppNK,,GLASGOW_CITY,0.000000,M77,2012.000000,0.000000,,31/05/2012,,5023.00000000
4971,12827374.000000,255681663304,255681.000000,663304.000000,,0.000000,DeSppNK,,GLASGOW_CITY,0.000000,M77,2012.000000,0.000000,,27/07/2012,,3859.00000000
5659,12827284.000000,269066663446,269066.000000,663446.000000,,0.000000,DeSppNK,,GLASGOW_CITY,0.000000,M8W,2012.000000,0.000000,,16/05/2012,,5609.00000000
3920,12827393.000000,269083663562,269083.000000,663562.000000,,0.000000,DeSppNK,,GLASGOW_CITY,0.000000,M8W,2012.000000,0.000000,,12/08/2012,,3566.00000000
5517,12825488.000000,262641663569,262641.000000,663569.000000,,0.000000,DeSppNK,,GLASGOW_CITY,0.000000,,2011.000000,0.000000,,14/01/2011,,3183.00000000
1482,12805168.000000,256000663572,256000.000000,663572.000000,,0.000000,DeSppNK,,GLASGOW_CITY,0.000000,M77,2009.000000,0.000000,,02/06/2009,,615.00000000
5186,12805216.000000,269108663763,269108.000000,663763.000000,,0.000000,DeSppNK,,GLASGOW_CITY,0.000000,M8,2010.000000,0.000000,,14/01/2010,,4685.00000000
12200,12827239.000000,269114663808,269114.000000,663808.000000,,0.000000,DeSppNK,,GLASGOW_CITY,0.000000,M8W,2012.000000,0.000000,,20/04/2012,,6478.00000000
3921,12827394.000000,269119663871,269119.000000,663871.000000,,0.000000,DeSppNK,,GLASGOW_CITY,0.000000,M8W,2012.000000,0.000000,,12/08/2012,,3567.00000000
9997,12827228.000000,269282663877,269282.000000,663877.000000,,0.000000,DeSppNK,,GLASGOW_CITY,0.000000,M8W,2012.000000,0.000000,,08/04/2012,,6740.00000000
2137,12805201.000000,269119663929,269119.000000,663929.000000,,0.000000,DeSppNK,,GLASGOW_CITY,0.000000,M8,2009.000000,0.000000,,15/05/2009,,807.00000000
5482,12827288.000000,269615663955,269615.000000,663955.000000,,0.000000,DeSppNK,,GLASGOW_CITY,0.000000,M8W,2012.000000,0.000000,,19/05/2012,,5585.00000000
6263,12804690.000000,269591663956,269591.000000,663956.000000,,0.000000,DeSppNK,,GLASGOW_CITY,0.000000,A8,2010.000000,0.000000,,18/06/2010,,5756.00000000
1044,12751488.000000,269118663964,269118.000000,663964.000000,,0.000000,DeSppNK,,GLASGOW_CITY,0.000000,M73,2007.000000,0.000000,,12/08/2007,,2724.00000000
10251,12827787.000000,269589663990,269589.000000,663990.000000,,0.000000,DeSppNK,,GLASGOW_CITY,0.000000,,2012.000000,0.000000,,18/01/2012,,7599.00000000
5647,12827285.000000,269177663991,269177.000000,663991.000000,,0.000000,DeSppNK,,GLASGOW_CITY,0.000000,M73,2012.000000,0.000000,,17/05/2012,,5597.00000000
4076,12827781.000000,268273663994,268273.000000,663994.000000,,0.000000,DeSppNK,,GLASGOW_CITY,0.000000,,2012.000000,0.000000,,30/04/2012,,6205.00000000
4075,12827254.000000,269514664009,269514.000000,664009.000000,,0.000000,DeSppNK,,GLASGOW_CITY,0.000000,M8W,2012.000000,0.000000,,01/05/2012,,6204.00000000
2350,12751694.000000,269208664015,269208.000000,664015.000000,,0.000000,DeSppNK,,GLASGOW_CITY,0.000000,M73,2008.000000,0.000000,,01/10/2008,,1577.00000000
11600,12804668.000000,269505664029,269505.000000,664029.000000,,0.000000,DeSppNK,,GLASGOW_CITY,0.000000,A8,2010.000000,0.000000,,29/05/2010,,6345.00000000
1484,12805207.000000,269109664052,269109.000000,664052.000000,,0.000000,DeSppNK,,GLASGOW_CITY,0.000000,M8,2009.000000,0.000000,,02/06/2009,,617.00000000
5067,12804700.000000,269479664062,269479.000000,664062.000000,,0.000000,DeSppNK,,GLASGOW_CITY,0.000000,A8,2010.000000,0.000000,,05/07/2010,,5476.00000000
4721,12804676.000000,269472664069,269472.000000,664069.000000,,0.000000,DeSppNK,,GLASGOW_CITY,0.000000,A8,2010.000000,0.000000,,04/06/2010,,6294.00000000
2970,12751654.000000,269428664071,269428.000000,664071.000000,,0.000000,DeSppNK,,GLASGOW_CITY,0.000000,M8,2008.000000,0.000000,,23/07/2008,,1742.00000000
3839,12814219.000000,269367664112,269367.000000,664112.000000,,0.000000,DeSppNK,,GLASGOW_CITY,0.000000,M8W,2010.000000,0.000000,,04/08/2010,,5161.00000000
6039,12814597.000000,269085664120,269085.000000,664120.000000,,0.000000,DeSppNK,,GLASGOW_CITY,0.000000,A8,2010.000000,0.000000,,07/01/2010,,4928.00000000
2537,12805199.000000,269371664125,269371.000000,664125.000000,,0.000000,DeSppNK,,GLASGOW_CITY,0.000000,M8,2009.000000,0.000000,,09/05/2009,,901.00000000
2969,12751656.000000,268583664131,268583.000000,664131.000000,,0.000000,DeSppNK,,GLASGOW_CITY,0.000000,A8,2008.000000,0.000000,,23/07/2008,,1741.00000000
433,12751496.000000,269291664157,269291.000000,664157.000000,,0.000000,DeSppNK,,GLASGOW_CITY,0.000000,M8,2007.000000,0.000000,,26/09/2007,,2672.00000000
3877,12805114.000000,268814664164,268814.000000,664164.000000,,0.000000,DeSppNK,,GLASGOW_CITY,0.000000,A8,2009.000000,0.000000,,12/10/2009,,6107.00000000
2039,12805197.000000,269289664164,269289.000000,664164.000000,,0.000000,DeSppNK,,GLASGOW_CITY,0.000000,M8,2009.000000,0.000000,,06/05/2009,,1.00000000
2653,12755466.000000,269269664176,269269.000000,664176.000000,,0.000000,DeSppNK,,GLASGOW_CITY,0.000000,M8,2009.000000,0.000000,,12/04/2009,,158.00000000
12638,12824484.000000,269267664177,269267.000000,664177.000000,,0.000000,DeSppNK,,GLASGOW_CITY,0.000000,M8W,2012.000000,0.000000,,25/01/2012,,7367.00000000
2354,12751693.000000,268822664180,268822.000000,664180.000000,,0.000000,DeSppNK,,GLASGOW_CITY,0.000000,A8,2008.000000,0.000000,,28/09/2008,,1581.00000000
4294,12814189.000000,269275664189,269275.000000,664189.000000,,0.000000,DeSppNK,,GLASGOW_CITY,0.000000,M8W,2010.000000,0.000000,,11/06/2010,,6020.00000000
1243,12749411.000000,268371664196,268371.000000,664196.000000,,0.000000,DeSppNK,,GLASGOW_CITY,0.000000,A8,2007.000000,0.000000,,10/06/2007,,2871.00000000
5472,12827295.000000,269254664203,269254.000000,664203.000000,,0.000000,DeSppNK,,GLASGOW_CITY,0.000000,M8W,2012.000000,0.000000,,20/05/2012,,5575.00000000
3616,12824483.000000,269212664214,269212.000000,664214.000000,,0.000000,DeSppNK,,GLASGOW_CITY,0.000000,M8W,2011.000000,0.000000,,09/07/2011,,5090.00000000
2057,12805113.000000,269248664271,269248.000000,664271.000000,,0.000000,DeSppNK,,GLASGOW_CITY,0.000000,A8,2009.000000,0.000000,,04/05/2009,,19.00000000
4074,12827252.000000,269132664275,269132.000000,664275.000000,,0.000000,DeSppNK,,GLASGOW_CITY,0.000000,M8W,2012.000000,0.000000,,01/05/2012,,6203.00000000
573,12751626.000000,269359664284,269359.000000,664284.000000,,0.000000,DeSppNK,,GLASGOW_CITY,0.000000,M73,2008.000000,0.000000,,09/06/2008,,1891.00000000
8119,12755154.000000,269100664300,269100.000000,664300.000000,,0.000000,DeSppNK,,GLASGOW_CITY,0.000000,A89,2003.000000,0.000000,,27/05/2003,,11930.00000000
3606,12814235.000000,269310664318,269310.000000,664318.000000,,0.000000,DeSppNK,,GLASGOW_CITY,0.000000,M73,2010.000000,0.000000,,17/10/2010,,4321.00000000
1454,12751431.000000,269039664378,269039.000000,664378.000000,,0.000000,DeSppNK,,GLASGOW_CITY,0.000000,M8,2007.000000,0.000000,,14/05/2007,,3031.00000000
5649,12827734.000000,258024664425,258024.000000,664425.000000,,0.000000,DeSppNK,,GLASGOW_CITY,0.000000,,2012.000000,0.000000,,16/05/2012,,5599.00000000
10216,12824479.000000,268897664527,268897.000000,664527.000000,,0.000000,DeSppNK,,GLASGOW_CITY,0.000000,M8W,2011.000000,0.000000,,28/04/2011,,6802.00000000
3919,12827395.000000,269022664543,269022.000000,664543.000000,,0.000000,DeSppNK,,GLASGOW_CITY,0.000000,M8W,2012.000000,0.000000,,12/08/2012,,3565.00000000
12319,12751357.000000,269001664558,269001.000000,664558.000000,,0.000000,DeSppNK,,GLASGOW_CITY,0.000000,M8,2006.000000,0.000000,,21/09/2006,,8129.00000000
5997,12814225.000000,268853664559,268853.000000,664559.000000,,0.000000,DeSppNK,,GLASGOW_CITY,0.000000,M8W,2010.000000,0.000000,,22/08/2010,,4886.00000000
2661,12755465.000000,254262664567,254262.000000,664567.000000,,0.000000,DeSppNK,,GLASGOW_CITY,0.000000,M8,2009.000000,0.000000,,09/04/2009,,166.00000000
5869,12825502.000000,265386664576,265386.000000,664576.000000,,0.000000,DeSppNK,,GLASGOW_CITY,0.000000,,2011.000000,0.000000,,05/06/2011,,5666.00000000
10692,12664191.000000,268900664600,268900.000000,664600.000000,,0.000000,DeSppNK,,GLASGOW_CITY,0.000000,M8,2005.000000,0.000000,,31/07/2005,,8511.00000000
4690,12824480.000000,268939664604,268939.000000,664604.000000,,0.000000,DeSppNK,,GLASGOW_CITY,0.000000,M8W,2011.000000,0.000000,,16/05/2011,,6263.00000000
2033,12749211.000000,253675664638,253675.000000,664638.000000,,0.000000,DeSppNK,,GLASGOW_CITY,0.000000,M8,2008.000000,0.000000,,21/03/2008,,2280.00000000
9963,12827431.000000,269473664673,269473.000000,664673.000000,,0.000000,DeSppNK,,GLASGOW_CITY,0.000000,M73,2012.000000,0.000000,,25/11/2012,,6706.00000000
12601,12824476.000000,268714664757,268714.000000,664757.000000,,0.000000,DeSppNK,,GLASGOW_CITY,0.000000,M8W,2011.000000,0.000000,,01/05/2011,,6571.00000000
662,12805125.000000,269505664757,269505.000000,664757.000000,,0.000000,DeSppNK,,GLASGOW_CITY,0.000000,M73,2009.000000,0.000000,,04/07/2009,,408.00000000
2179,12751697.000000,268746664768,268746.000000,664768.000000,,0.000000,DeSppNK,,GLASGOW_CITY,0.000000,M8,2008.000000,0.000000,,12/10/2008,,1559.00000000
405,12751642.000000,268711664788,268711.000000,664788.000000,,0.000000,DeSppNK,,GLASGOW_CITY,0.000000,M8,2008.000000,0.000000,,11/06/2008,,1874.00000000
4398,12824475.000000,268702664802,268702.000000,664802.000000,,0.000000,DeSppNK,,GLASGOW_CITY,0.000000,M8W,2011.000000,0.000000,,07/09/2011,,4506.00000000
1483,12805206.000000,268656664837,268656.000000,664837.000000,,0.000000,DeSppNK,,GLASGOW_CITY,0.000000,M8,2009.000000,0.000000,,02/06/2009,,616.00000000
2096,12805202.000000,268649664844,268649.000000,664844.000000,,0.000000,DeSppNK,,GLASGOW_CITY,0.000000,M8,2009.000000,0.000000,,20/05/2009,,766.00000000
3175,12827360.000000,268681664848,268681.000000,664848.000000,,0.000000,DeSppNK,,GLASGOW_CITY,0.000000,M8W,2012.000000,0.000000,,26/06/2012,,4193.00000000
1109,12805123.000000,269536664855,269536.000000,664855.000000,,0.000000,DeSppNK,,GLASGOW_CITY,0.000000,M73,2009.000000,0.000000,,12/06/2009,,550.00000000
5171,12827370.000000,268598664932,268598.000000,664932.000000,,0.000000,DeSppNK,,GLASGOW_CITY,0.000000,M8W,2012.000000,0.000000,,16/07/2012,,3906.00000000
12411,12824471.000000,268536664987,268536.000000,664987.000000,,0.000000,DeSppNK,,GLASGOW_CITY,0.000000,M8W,2011.000000,0.000000,,08/05/2011,,6534.00000000
1704,12805205.000000,268504665015,268504.000000,665015.000000,,0.000000,DeSppNK,,GLASGOW_CITY,0.000000,M8,2009.000000,0.000000,,27/05/2009,,682.00000000
6183,12827790.000000,269998665015,269998.000000,665015.000000,,0.000000,DeSppNK,,GLASGOW_CITY,0.000000,,2012.000000,0.000000,,05/07/2012,,4159.00000000
9777,12827434.000000,268314665105,268314.000000,665105.000000,,0.000000,DeSppNK,,GLASGOW_CITY,0.000000,M8W,2012.000000,0.000000,,02/12/2012,,6677.00000000
3828,12814440.000000,261620665133,261620.000000,665133.000000,,0.000000,DeSppNK,,GLASGOW_CITY,0.000000,,2010.000000,0.000000,,05/08/2010,,5150.00000000
12029,12805223.000000,268016665194,268016.000000,665194.000000,,0.000000,DeSppNK,,GLASGOW_CITY,0.000000,M8,2010.000000,0.000000,,27/04/2010,,7221.00000000
7551,12593825.000000,257600665200,257600.000000,665200.000000,,0.000000,DeSppNK,,GLASGOW_CITY,0.000000,,2003.000000,0.000000,,16/05/2003,,12495.00000000
9610,12814268.000000,267849665240,267849.000000,665240.000000,,0.000000,DeSppNK,,GLASGOW_CITY,0.000000,M8W,2011.000000,0.000000,,17/02/2011,,7425.00000000
10787,12814137.000000,267469665355,267469.000000,665355.000000,,0.000000,DeSppNK,,GLASGOW_CITY,0.000000,M8W,2010.000000,0.000000,,15/05/2010,,6910.00000000
3728,12805220.000000,267458665373,267458.000000,665373.000000,,0.000000,DeSppNK,,GLASGOW_CITY,0.000000,M8,2010.000000,0.000000,,17/02/2010,,3526.00000000
2105,12805117.000000,269797665377,269797.000000,665377.000000,,0.000000,DeSppNK,,GLASGOW_CITY,0.000000,M73,2009.000000,0.000000,,19/05/2009,,775.00000000
8340,12755166.000000,270100665400,270100.000000,665400.000000,,0.000000,DeSppNK,,GLASGOW_CITY,0.000000,A752,2003.000000,0.000000,,10/11/2003,,11996.00000000
4842,12824465.000000,267320665429,267320.000000,665429.000000,,0.000000,DeSppNK,,GLASGOW_CITY,0.000000,M8W,2011.000000,0.000000,,15/06/2011,,5403.00000000
12185,12827242.000000,269866665514,269866.000000,665514.000000,,0.000000,DeSppNK,,GLASGOW_CITY,0.000000,M73,2012.000000,0.000000,,24/04/2012,,6463.00000000
583,12751625.000000,269885665572,269885.000000,665572.000000,,0.000000,DeSppNK,,GLASGOW_CITY,0.000000,M73,2008.000000,0.000000,,07/06/2008,,1901.00000000
1297,12805120.000000,269906665696,269906.000000,665696.000000,,0.000000,DeSppNK,,GLASGOW_CITY,0.000000,M73,2009.000000,0.000000,,07/06/2009,,584.00000000
493,12805127.000000,269913665726,269913.000000,665726.000000,,0.000000,DeSppNK,,GLASGOW_CITY,0.000000,M73,2009.000000,0.000000,,08/07/2009,,392.00000000
3069,12805215.000000,266815665762,266815.000000,665762.000000,,0.000000,DeSppNK,,GLASGOW_CITY,0.000000,M8,2009.000000,0.000000,,05/11/2009,,5808.00000000
5423,12827333.000000,266725665840,266725.000000,665840.000000,,0.000000,DeSppNK,,GLASGOW_CITY,0.000000,M8W,2012.000000,0.000000,,04/06/2012,,4769.00000000
5422,12827334.000000,266701665858,266701.000000,665858.000000,,0.000000,DeSppNK,,GLASGOW_CITY,0.000000,M8W,2012.000000,0.000000,,04/06/2012,,4768.00000000
10202,12827216.000000,266674665881,266674.000000,665881.000000,,0.000000,DeSppNK,,GLASGOW_CITY,0.000000,M8W,2012.000000,0.000000,,17/03/2012,,6788.00000000
4653,12824446.000000,260790665884,260790.000000,665884.000000,,0.000000,DeSppNK,,GLASGOW_CITY,0.000000,M8W,2011.000000,0.000000,,21/06/2011,,5366.00000000
12654,12814276.000000,264311665979,264311.000000,665979.000000,,0.000000,DeSppNK,,GLASGOW_CITY,0.000000,M8W,2011.000000,0.000000,,07/03/2011,,7383.00000000
11973,12827448.000000,264390665983,264390.000000,665983.000000,,0.000000,DeSppNK,,GLASGOW_CITY,0.000000,M8W,2012.000000,0.000000,,15/12/2012,,6407.00000000
571,12751632.000000,264396665984,264396.000000,665984.000000,,0.000000,DeSppNK,,GLASGOW_CITY,0.000000,M8,2008.000000,0.000000,,09/06/2008,,1889.00000000
5170,12827371.000000,264183665986,264183.000000,665986.000000,,0.000000,DeSppNK,,GLASGOW_CITY,0.000000,M8W,2012.000000,0.000000,,16/07/2012,,3905.00000000
11802,12827452.000000,264585665996,264585.000000,665996.000000,,0.000000,DeSppNK,,GLASGOW_CITY,0.000000,M8W,2012.000000,0.000000,,19/12/2012,,6391.00000000
58,12755450.000000,261329666013,261329.000000,666013.000000,,0.000000,DeSppNK,,GLASGOW_CITY,0.000000,M8,2009.000000,0.000000,,03/03/2009,,261.00000000
5600,12824457.000000,264858666043,264858.000000,666043.000000,,0.000000,DeSppNK,,GLASGOW_CITY,0.000000,M8W,2011.000000,0.000000,,09/08/2011,,4793.00000000
2992,12751648.000000,264978666064,264978.000000,666064.000000,,0.000000,DeSppNK,,GLASGOW_CITY,0.000000,M8,2008.000000,0.000000,,14/07/2008,,1764.00000000
3308,12827274.000000,266323666068,266323.000000,666068.000000,,0.000000,DeSppNK,,GLASGOW_CITY,0.000000,M8W,2012.000000,0.000000,,09/05/2012,,5894.00000000
3723,12805221.000000,264953666078,264953.000000,666078.000000,,0.000000,DeSppNK,,GLASGOW_CITY,0.000000,M8,2010.000000,0.000000,,19/02/2010,,3521.00000000
4542,12814245.000000,261870666085,261870.000000,666085.000000,,0.000000,DeSppNK,,GLASGOW_CITY,0.000000,M8W,2010.000000,0.000000,,05/12/2010,,3735.00000000
10051,12827406.000000,264878666091,264878.000000,666091.000000,,0.000000,DeSppNK,,GLASGOW_CITY,0.000000,M8W,2012.000000,0.000000,,30/09/2012,,7555.00000000
4914,12805213.000000,265162666095,265162.000000,666095.000000,,0.000000,DeSppNK,,GLASGOW_CITY,0.000000,M8,2009.000000,0.000000,,21/10/2009,,6082.00000000
12592,12824462.000000,266228666098,266228.000000,666098.000000,,0.000000,DeSppNK,,GLASGOW_CITY,0.000000,M8W,2011.000000,0.000000,,02/05/2011,,6562.00000000
2799,12749256.000000,266307666098,266307.000000,666098.000000,,0.000000,DeSppNK,,GLASGOW_CITY,0.000000,M8,2008.000000,0.000000,,09/01/2008,,2442.00000000
370,12751644.000000,266158666100,266158.000000,666100.000000,,0.000000,DeSppNK,,GLASGOW_CITY,0.000000,M8,2008.000000,0.000000,,19/06/2008,,1839.00000000
11974,12827447.000000,265333666103,265333.000000,666103.000000,,0.000000,DeSppNK,,GLASGOW_CITY,0.000000,M8W,2012.000000,0.000000,,15/12/2012,,6408.00000000
11024,12827422.000000,261916666105,261916.000000,666105.000000,,0.000000,DeSppNK,,GLASGOW_CITY,0.000000,M8W,2012.000000,0.000000,,11/11/2012,,6991.00000000
2525,12805200.000000,264992666107,264992.000000,666107.000000,,0.000000,DeSppNK,,GLASGOW_CITY,0.000000,M8,2009.000000,0.000000,,10/05/2009,,889.00000000
4477,12827264.000000,261926666109,261926.000000,666109.000000,,0.000000,DeSppNK,,GLASGOW_CITY,0.000000,M8W,2012.000000,0.000000,,06/05/2012,,6152.00000000
9589,12814149.000000,266171666114,266171.000000,666114.000000,,0.000000,DeSppNK,,GLASGOW_CITY,0.000000,M8W,2010.000000,0.000000,,20/05/2010,,6644.00000000
11970,12827449.000000,266082666116,266082.000000,666116.000000,,0.000000,DeSppNK,,GLASGOW_CITY,0.000000,M8W,2012.000000,0.000000,,16/12/2012,,6404.00000000
9581,12814152.000000,266147666121,266147.000000,666121.000000,,0.000000,DeSppNK,,GLASGOW_CITY,0.000000,M8W,2010.000000,0.000000,,21/05/2010,,6636.00000000
6123,12824460.000000,265805666143,265805.000000,666143.000000,,0.000000,DeSppNK,,GLASGOW_CITY,0.000000,M8W,2011.000000,0.000000,,26/12/2011,,3336.00000000
4893,12814178.000000,262121666146,262121.000000,666146.000000,,0.000000,DeSppNK,,GLASGOW_CITY,0.000000,M80 W,2010.000000,0.000000,,06/06/2010,,6061.00000000
9976,12827430.000000,265984666147,265984.000000,666147.000000,,0.000000,DeSppNK,,GLASGOW_CITY,0.000000,M8W,2012.000000,0.000000,,23/11/2012,,6719.00000000
3636,12825459.000000,253205666157,253205.000000,666157.000000,,0.000000,DeSppNK,,GLASGOW_CITY,0.000000,,2011.000000,0.000000,,04/07/2011,,5110.00000000
279,12805212.000000,265544666158,265544.000000,666158.000000,,0.000000,DeSppNK,,GLASGOW_CITY,0.000000,M8,2009.000000,0.000000,,25/07/2009,,330.00000000
2072,12805196.000000,265821666159,265821.000000,666159.000000,,0.000000,DeSppNK,,GLASGOW_CITY,0.000000,M8,2009.000000,0.000000,,03/05/2009,,34.00000000
12016,12827246.000000,265715666161,265715.000000,666161.000000,,0.000000,DeSppNK,,GLASGOW_CITY,0.000000,M8W,2012.000000,0.000000,,26/04/2012,,6450.00000000
4894,12814180.000000,264954666167,264954.000000,666167.000000,,0.000000,DeSppNK,,GLASGOW_CITY,0.000000,M8W,2010.000000,0.000000,,06/06/2010,,6062.00000000
6226,12807403.000000,267864666211,267864.000000,666211.000000,,0.000000,DeSppNK,,GLASGOW_CITY,0.000000,,2009.000000,0.000000,,30/12/2009,,4964.00000000
6220,12805189.000000,262366666212,262366.000000,666212.000000,,0.000000,DeSppNK,,GLASGOW_CITY,0.000000,M80,2010.000000,0.000000,,01/01/2010,,4958.00000000
3963,12827380.000000,262399666228,262399.000000,666228.000000,,0.000000,DeSppNK,,GLASGOW_CITY,0.000000,M80W,2012.000000,0.000000,,04/08/2012,,3609.00000000
2549,12755245.000000,260354666252,260354.000000,666252.000000,,0.000000,DeSppNK,,GLASGOW_CITY,0.000000,B763,2008.000000,0.000000,,04/09/2008,,1626.00000000
12488,12751354.000000,262244666264,262244.000000,666264.000000,,0.000000,DeSppNK,,GLASGOW_CITY,0.000000,M80,2006.000000,0.000000,,11/09/2006,,8144.00000000
3165,12827363.000000,262394666308,262394.000000,666308.000000,,0.000000,DeSppNK,,GLASGOW_CITY,0.000000,M8W,2012.000000,0.000000,,27/06/2012,,4183.00000000
3199,12825478.000000,260183666312,260183.000000,666312.000000,,0.000000,DeSppNK,,GLASGOW_CITY,0.000000,,2011.000000,0.000000,,11/10/2011,,4217.00000000
10820,12827428.000000,263858666323,263858.000000,666323.000000,,0.000000,DeSppNK,,GLASGOW_CITY,0.000000,M8W,2012.000000,0.000000,,21/11/2012,,6943.00000000
9641,12805222.000000,263834666330,263834.000000,666330.000000,,0.000000,DeSppNK,,GLASGOW_CITY,0.000000,M8,2010.000000,0.000000,,23/04/2010,,7456.00000000
5536,12805193.000000,262352666331,262352.000000,666331.000000,,0.000000,DeSppNK,,GLASGOW_CITY,0.000000,M80,2010.000000,0.000000,,27/03/2010,,3202.00000000
661,12805209.000000,262445666339,262445.000000,666339.000000,,0.000000,DeSppNK,,GLASGOW_CITY,0.000000,M8,2009.000000,0.000000,,04/07/2009,,407.00000000
59,12755451.000000,262588666348,262588.000000,666348.000000,,0.000000,DeSppNK,,GLASGOW_CITY,0.000000,M8,2009.000000,0.000000,,03/03/2009,,262.00000000
3881,12807399.000000,263818666350,263818.000000,666350.000000,,0.000000,DeSppNK,,GLASGOW_CITY,0.000000,M8,2009.000000,0.000000,,10/10/2009,,6111.00000000
11820,12805226.000000,259451666354,259451.000000,666354.000000,,0.000000,DeSppNK,,GLASGOW_CITY,0.000000,M8,2010.000000,0.000000,,09/05/2010,,7168.00000000
850,12751437.000000,269996666376,269996.000000,666376.000000,,0.000000,DeSppNK,,GLASGOW_CITY,0.000000,M73,2007.000000,0.000000,,21/05/2007,,2989.00000000
5440,12807397.000000,262483666378,262483.000000,666378.000000,,0.000000,DeSppNK,,GLASGOW_CITY,0.000000,M8,2009.000000,0.000000,,15/11/2009,,5543.00000000
1956,12755291.000000,268762666399,268762.000000,666399.000000,,0.000000,DeSppNK,,GLASGOW_CITY,0.000000,U,2008.000000,0.000000,,02/11/2008,,1489.00000000
12152,12650909.000000,265100666400,265100.000000,666400.000000,,0.000000,DeSppNK,,GLASGOW_CITY,0.000000,B765,2004.000000,0.000000,,31/05/2004,,8894.00000000
651,12751466.000000,262412666415,262412.000000,666415.000000,,0.000000,DeSppNK,,GLASGOW_CITY,0.000000,M80,2007.000000,0.000000,,24/06/2007,,2840.00000000
5534,12814452.000000,266865666423,266865.000000,666423.000000,,0.000000,DeSppNK,,GLASGOW_CITY,0.000000,,2010.000000,0.000000,,27/03/2010,,3200.00000000
492,12805181.000000,262526666465,262526.000000,666465.000000,,0.000000,DeSppNK,,GLASGOW_CITY,0.000000,M80,2009.000000,0.000000,,08/07/2009,,391.00000000
139,12749173.000000,264490666470,264490.000000,666470.000000,,0.000000,DeSppNK,,GLASGOW_CITY,0.000000,B765,2008.000000,0.000000,,10/05/2008,,1044.00000000
842,12751443.000000,269992666489,269992.000000,666489.000000,,0.000000,DeSppNK,,GLASGOW_CITY,0.000000,M73,2007.000000,0.000000,,22/05/2007,,2981.00000000
973,12751612.000000,262722666495,262722.000000,666495.000000,,0.000000,DeSppNK,,GLASGOW_CITY,0.000000,M8,2008.000000,0.000000,,28/05/2008,,1984.00000000
5018,12814599.000000,263615666505,263615.000000,666505.000000,,0.000000,DeSppNK,,GLASGOW_CITY,0.000000,M8,2010.000000,0.000000,,15/01/2010,,4671.00000000
1037,12751490.000000,269990666544,269990.000000,666544.000000,,0.000000,DeSppNK,,GLASGOW_CITY,0.000000,M73,2007.000000,0.000000,,16/08/2007,,2717.00000000
1267,12749417.000000,264823666554,264823.000000,666554.000000,,0.000000,DeSppNK,,GLASGOW_CITY,0.000000,B765,2007.000000,0.000000,,04/06/2007,,2895.00000000
5015,12805217.000000,262958666575,262958.000000,666575.000000,,0.000000,DeSppNK,,GLASGOW_CITY,0.000000,M8,2010.000000,0.000000,,16/01/2010,,4668.00000000
10783,12814138.000000,263536666586,263536.000000,666586.000000,,0.000000,DeSppNK,,GLASGOW_CITY,0.000000,M8W,2010.000000,0.000000,,16/05/2010,,6906.00000000
6070,12814201.000000,263526666595,263526.000000,666595.000000,,0.000000,DeSppNK,,GLASGOW_CITY,0.000000,M8W,2010.000000,0.000000,,29/06/2010,,5715.00000000
10806,12805227.000000,262995666596,262995.000000,666596.000000,,0.000000,DeSppNK,,GLASGOW_CITY,0.000000,M8,2010.000000,0.000000,,12/05/2010,,6929.00000000
1841,12751458.000000,269986666611,269986.000000,666611.000000,,0.000000,DeSppNK,,GLASGOW_CITY,0.000000,M73,2007.000000,0.000000,,02/06/2007,,2906.00000000
460,12805182.000000,262503666635,262503.000000,666635.000000,,0.000000,DeSppNK,,GLASGOW_CITY,0.000000,M80,2009.000000,0.000000,,18/07/2009,,359.00000000
2996,12751646.000000,262535666672,262535.000000,666672.000000,,0.000000,DeSppNK,,GLASGOW_CITY,0.000000,M80,2008.000000,0.000000,,13/07/2008,,1768.00000000
5537,12814438.000000,260400666736,260400.000000,666736.000000,,0.000000,DeSppNK,,GLASGOW_CITY,0.000000,,2010.000000,0.000000,,26/03/2010,,3203.00000000
3915,12827759.000000,262571666745,262571.000000,666745.000000,,0.000000,DeSppNK,,GLASGOW_CITY,0.000000,,2012.000000,0.000000,,06/05/2012,,6145.00000000
97,12805186.000000,262555666789,262555.000000,666789.000000,,0.000000,DeSppNK,,GLASGOW_CITY,0.000000,M80,2009.000000,0.000000,,02/08/2009,,300.00000000
289,12805183.000000,262558666796,262558.000000,666796.000000,,0.000000,DeSppNK,,GLASGOW_CITY,0.000000,M80,2009.000000,0.000000,,23/07/2009,,340.00000000
4831,12825491.000000,263647666904,263647.000000,666904.000000,,0.000000,DeSppNK,,GLASGOW_CITY,0.000000,A80,2011.000000,0.000000,,15/06/2011,,5392.00000000
4957,12827379.000000,269939666920,269939.000000,666920.000000,,0.000000,DeSppNK,,GLASGOW_CITY,0.000000,M73,2012.000000,0.000000,,31/07/2012,,3845.00000000
311,12751564.000000,269951666946,269951.000000,666946.000000,,0.000000,DeSppNK,,GLASGOW_CITY,0.000000,M73,2008.000000,0.000000,,07/05/2008,,1064.00000000
1361,12755429.000000,269927666977,269927.000000,666977.000000,,0.000000,DeSppNK,,GLASGOW_CITY,0.000000,M73,2008.000000,0.000000,,15/12/2008,,1354.00000000
9594,12827439.000000,269942666980,269942.000000,666980.000000,,0.000000,DeSppNK,,GLASGOW_CITY,0.000000,M73,2012.000000,0.000000,,09/12/2012,,6649.00000000
266,12805184.000000,262572667042,262572.000000,667042.000000,,0.000000,DeSppNK,,GLASGOW_CITY,0.000000,M80,2009.000000,0.000000,,28/07/2009,,317.00000000
5540,12825476.000000,259502667066,259502.000000,667066.000000,,0.000000,DeSppNK,,GLASGOW_CITY,0.000000,,2011.000000,0.000000,,19/10/2011,,3970.00000000
4362,12814442.000000,264718667066,264718.000000,667066.000000,,0.000000,DeSppNK,,GLASGOW_CITY,0.000000,,2010.000000,0.000000,,15/12/2010,,3706.00000000
6713,12749534.000000,264718667066,264718.000000,667066.000000,,0.000000,DeSppNK,,GLASGOW_CITY,0.000000,B768,2006.000000,0.000000,,29/11/2006,,11605.00000000
5111,12749456.000000,265203667141,265203.000000,667141.000000,,0.000000,DeSppNK,,GLASGOW_CITY,0.000000,U,2007.000000,0.000000,,03/05/2007,,3083.00000000
5287,12751409.000000,269888667176,269888.000000,667176.000000,,0.000000,DeSppNK,,GLASGOW_CITY,0.000000,M73,2007.000000,0.000000,,30/04/2007,,3106.00000000
461,12807441.000000,268111667199,268111.000000,667199.000000,,0.000000,DeSppNK,,GLASGOW_CITY,0.000000,,2009.000000,0.000000,,17/07/2009,,360.00000000
8094,12650915.000000,267500667200,267500.000000,667200.000000,,0.000000,DeSppNK,,GLASGOW_CITY,0.000000,B806,2004.000000,0.000000,,28/02/2004,,11186.00000000
12615,12814163.000000,269885667213,269885.000000,667213.000000,,0.000000,DeSppNK,,GLASGOW_CITY,0.000000,M73,2010.000000,0.000000,,26/05/2010,,6585.00000000
10458,12825498.000000,264921667223,264921.000000,667223.000000,,0.000000,DeSppNK,,GLASGOW_CITY,0.000000,,2011.000000,0.000000,,31/12/2011,,7654.00000000
2926,12751593.000000,269878667253,269878.000000,667253.000000,,0.000000,DeSppNK,,GLASGOW_CITY,0.000000,M73,2008.000000,0.000000,,18/05/2008,,983.00000000
259,12805185.000000,262604667254,262604.000000,667254.000000,,0.000000,DeSppNK,,GLASGOW_CITY,0.000000,M80,2009.000000,0.000000,,30/07/2009,,310.00000000
888,12805124.000000,269876667292,269876.000000,667292.000000,,0.000000,DeSppNK,,GLASGOW_CITY,0.000000,M73,2009.000000,0.000000,,20/06/2009,,482.00000000
2131,12807400.000000,262996667295,262996.000000,667295.000000,,0.000000,DeSppNK,,GLASGOW_CITY,0.000000,,2009.000000,0.000000,,15/05/2009,,801.00000000
2728,12749149.000000,262996667298,262996.000000,667298.000000,,0.000000,DeSppNK,,GLASGOW_CITY,0.000000,B765,2008.000000,0.000000,,22/05/2008,,938.00000000
2596,12749239.000000,262996667298,262996.000000,667298.000000,,0.000000,DeSppNK,,GLASGOW_CITY,0.000000,B765,2008.000000,0.000000,,01/02/2008,,2390.00000000
325,12749183.000000,268471667307,268471.000000,667307.000000,,0.000000,DeSppNK,,GLASGOW_CITY,0.000000,B806,2008.000000,0.000000,,02/05/2008,,1078.00000000
1447,12749447.000000,267658667308,267658.000000,667308.000000,,0.000000,DeSppNK,,GLASGOW_CITY,0.000000,B806,2007.000000,0.000000,,15/05/2007,,3024.00000000
2115,12805179.000000,262620667327,262620.000000,667327.000000,,0.000000,DeSppNK,,GLASGOW_CITY,0.000000,M80,2009.000000,0.000000,,18/05/2009,,785.00000000
2694,12755461.000000,262629667348,262629.000000,667348.000000,,0.000000,DeSppNK,,GLASGOW_CITY,0.000000,M80,2009.000000,0.000000,,30/03/2009,,199.00000000
3748,12827783.000000,269087667370,269087.000000,667370.000000,,0.000000,DeSppNK,,GLASGOW_CITY,0.000000,,2012.000000,0.000000,,16/08/2012,,3546.00000000
6294,12807401.000000,263157667373,263157.000000,667373.000000,,0.000000,DeSppNK,,GLASGOW_CITY,0.000000,,2009.000000,0.000000,,09/11/2009,,5787.00000000
4237,12805131.000000,269891667423,269891.000000,667423.000000,,0.000000,DeSppNK,,GLASGOW_CITY,0.000000,M73,2009.000000,0.000000,,08/12/2009,,5255.00000000
11830,12805195.000000,262744667428,262744.000000,667428.000000,,0.000000,DeSppNK,,GLASGOW_CITY,0.000000,M80,2010.000000,0.000000,,08/05/2010,,7178.00000000
3922,12827392.000000,269876667431,269876.000000,667431.000000,,0.000000,DeSppNK,,GLASGOW_CITY,0.000000,M73,2012.000000,0.000000,,12/08/2012,,3568.00000000
6043,12805190.000000,262761667455,262761.000000,667455.000000,,0.000000,DeSppNK,,GLASGOW_CITY,0.000000,M80,2010.000000,0.000000,,07/01/2010,,4932.00000000
2095,12805180.000000,262805667469,262805.000000,667469.000000,,0.000000,DeSppNK,,GLASGOW_CITY,0.000000,M80,2009.000000,0.000000,,20/05/2009,,765.00000000
5738,12805192.000000,262800667470,262800.000000,667470.000000,,0.000000,DeSppNK,,GLASGOW_CITY,0.000000,M80,2010.000000,0.000000,,07/03/2010,,3253.00000000
11029,12827421.000000,262943667496,262943.000000,667496.000000,,0.000000,DeSppNK,,GLASGOW_CITY,0.000000,M80W,2012.000000,0.000000,,10/11/2012,,6996.00000000
2754,12751675.000000,263120667543,263120.000000,667543.000000,,0.000000,DeSppNK,,GLASGOW_CITY,0.000000,M80,2008.000000,0.000000,,11/08/2008,,1678.00000000
12603,12825472.000000,257996667563,257996.000000,667563.000000,,0.000000,DeSppNK,,GLASGOW_CITY,0.000000,,2011.000000,0.000000,,30/04/2011,,6573.00000000
4927,12805188.000000,263186667600,263186.000000,667600.000000,,0.000000,DeSppNK,,GLASGOW_CITY,0.000000,M80,2009.000000,0.000000,,17/10/2009,,6095.00000000
12973,12755126.000000,268100667600,268100.000000,667600.000000,,0.000000,DeSppNK,,GLASGOW_CITY,0.000000,,2002.000000,0.000000,,01/05/2002,,13280.00000000
2536,12805178.000000,263207667617,263207.000000,667617.000000,,0.000000,DeSppNK,,GLASGOW_CITY,0.000000,M80,2009.000000,0.000000,,09/05/2009,,900.00000000
3838,12814218.000000,263222667629,263222.000000,667629.000000,,0.000000,DeSppNK,,GLASGOW_CITY,0.000000,M80 W,2010.000000,0.000000,,04/08/2010,,5160.00000000
2686,12755463.000000,263233667640,263233.000000,667640.000000,,0.000000,DeSppNK,,GLASGOW_CITY,0.000000,M80,2009.000000,0.000000,,02/04/2009,,191.00000000
6028,12814222.000000,263266667672,263266.000000,667672.000000,,0.000000,DeSppNK,,GLASGOW_CITY,0.000000,M80 W,2010.000000,0.000000,,11/08/2010,,4917.00000000
4358,12814443.000000,264768667680,264768.000000,667680.000000,,0.000000,DeSppNK,,GLASGOW_CITY,0.000000,A80,2010.000000,0.000000,,16/12/2010,,3702.00000000
5024,12805191.000000,263284667692,263284.000000,667692.000000,,0.000000,DeSppNK,,GLASGOW_CITY,0.000000,M80,2010.000000,0.000000,,15/01/2010,,4677.00000000
9288,12650908.000000,264900667700,264900.000000,667700.000000,,0.000000,DeSppNK,,GLASGOW_CITY,0.000000,A75,2004.000000,0.000000,,23/09/2004,,10679.00000000
2475,12755470.000000,263334667761,263334.000000,667761.000000,,0.000000,DeSppNK,,GLASGOW_CITY,0.000000,M80,2009.000000,0.000000,,19/04/2009,,132.00000000
5210,12827732.000000,257517667815,257517.000000,667815.000000,,0.000000,DeSppNK,,GLASGOW_CITY,0.000000,,2012.000000,0.000000,,11/06/2012,,4709.00000000
2778,12751667.000000,263378667839,263378.000000,667839.000000,,0.000000,DeSppNK,,GLASGOW_CITY,0.000000,M80,2008.000000,0.000000,,05/08/2008,,1702.00000000
1459,12749449.000000,262951667875,262951.000000,667875.000000,,0.000000,DeSppNK,,GLASGOW_CITY,0.000000,B765,2007.000000,0.000000,,12/05/2007,,3036.00000000
5962,12805187.000000,263415667903,263415.000000,667903.000000,,0.000000,DeSppNK,,GLASGOW_CITY,0.000000,M80,2009.000000,0.000000,,18/09/2009,,4087.00000000
534,12749198.000000,258987667960,258987.000000,667960.000000,,0.000000,DeSppNK,,GLASGOW_CITY,0.000000,A879,2008.000000,0.000000,,08/04/2008,,1136.00000000
3491,12827268.000000,263519668059,263519.000000,668059.000000,,0.000000,DeSppNK,,GLASGOW_CITY,0.000000,M80W,2012.000000,0.000000,,07/05/2012,,5925.00000000
5160,12827746.000000,260437668189,260437.000000,668189.000000,,0.000000,DeSppNK,,GLASGOW_CITY,0.000000,,2012.000000,0.000000,,15/07/2012,,3895.00000000
6165,12827745.000000,260437668189,260437.000000,668189.000000,,0.000000,DeSppNK,,GLASGOW_CITY,0.000000,,2012.000000,0.000000,,11/07/2012,,4141.00000000
6169,12827744.000000,260437668189,260437.000000,668189.000000,,0.000000,DeSppNK,,GLASGOW_CITY,0.000000,,2012.000000,0.000000,,10/07/2012,,4145.00000000
5779,12807394.000000,258902668208,258902.000000,668208.000000,,0.000000,DeSppNK,,GLASGOW_CITY,0.000000,A879,2009.000000,0.000000,,01/10/2009,,4058.00000000
6095,12814435.000000,258901668209,258901.000000,668209.000000,,0.000000,DeSppNK,,GLASGOW_CITY,0.000000,A879,2010.000000,0.000000,,22/06/2010,,5740.00000000
5464,12807395.000000,258901668209,258901.000000,668209.000000,,0.000000,DeSppNK,,GLASGOW_CITY,0.000000,A879,2009.000000,0.000000,,10/11/2009,,5567.00000000
4958,12827738.000000,258901668209,258901.000000,668209.000000,,0.000000,DeSppNK,,GLASGOW_CITY,0.000000,,2012.000000,0.000000,,30/07/2012,,3846.00000000
4273,12825473.000000,258901668209,258901.000000,668209.000000,,0.000000,DeSppNK,,GLASGOW_CITY,0.000000,,2011.000000,0.000000,,20/05/2011,,5999.00000000
826,12749433.000000,258905668214,258905.000000,668214.000000,,0.000000,DeSppNK,,GLASGOW_CITY,0.000000,A879,2007.000000,0.000000,,23/05/2007,,2965.00000000
1660,12749386.000000,258905668214,258905.000000,668214.000000,,0.000000,DeSppNK,,GLASGOW_CITY,0.000000,A879,2007.000000,0.000000,,20/07/2007,,2776.00000000
1032,12749371.000000,258905668214,258905.000000,668214.000000,,0.000000,DeSppNK,,GLASGOW_CITY,0.000000,A879,2007.000000,0.000000,,20/08/2007,,2712.00000000
11459,12653007.000000,258905668215,258905.000000,668215.000000,,0.000000,DeSppNK,,GLASGOW_CITY,0.000000,A807,2005.000000,0.000000,,19/09/2005,,7887.00000000
12054,12827418.000000,263646668315,263646.000000,668315.000000,,0.000000,DeSppNK,,GLASGOW_CITY,0.000000,M80W,2012.000000,0.000000,,30/10/2012,,7246.00000000
6163,12827367.000000,263649668320,263649.000000,668320.000000,,0.000000,DeSppNK,,GLASGOW_CITY,0.000000,M80W,2012.000000,0.000000,,12/07/2012,,4139.00000000
7403,12749693.000000,260209668321,260209.000000,668321.000000,,0.000000,DeSppNK,,GLASGOW_CITY,0.000000,A879,2006.000000,0.000000,,29/01/2006,,10179.00000000
6137,12825492.000000,263776668337,263776.000000,668337.000000,,0.000000,DeSppNK,,GLASGOW_CITY,0.000000,M89,2011.000000,0.000000,,19/12/2011,,3350.00000000
11994,12827442.000000,263713668363,263713.000000,668363.000000,,0.000000,DeSppNK,,GLASGOW_CITY,0.000000,M80W,2012.000000,0.000000,,10/12/2012,,6428.00000000
6164,12827720.000000,255194668370,255194.000000,668370.000000,,0.000000,DeSppNK,,GLASGOW_CITY,0.000000,,2012.000000,0.000000,,11/07/2012,,4140.00000000
1474,12751423.000000,263747668398,263747.000000,668398.000000,,0.000000,DeSppNK,,GLASGOW_CITY,0.000000,M80,2007.000000,0.000000,,09/05/2007,,3051.00000000
10332,12653223.000000,257200668400,257200.000000,668400.000000,,0.000000,DeSppNK,,GLASGOW_CITY,0.000000,X-EDINBURGH,2005.000000,0.000000,,08/06/2005,,9391.00000000
2698,12755460.000000,263717668406,263717.000000,668406.000000,,0.000000,DeSppNK,,GLASGOW_CITY,0.000000,M80,2009.000000,0.000000,,28/03/2009,,203.00000000
2473,12807398.000000,263835668455,263835.000000,668455.000000,,0.000000,DeSppNK,,GLASGOW_CITY,0.000000,A80,2009.000000,0.000000,,19/04/2009,,130.00000000
11331,12749600.000000,263850668457,263850.000000,668457.000000,,0.000000,DeSppNK,,GLASGOW_CITY,0.000000,M80,2006.000000,0.000000,,08/07/2006,,8688.00000000
12665,12814273.000000,263823668458,263823.000000,668458.000000,,0.000000,DeSppNK,,GLASGOW_CITY,0.000000,M80 W,2011.000000,0.000000,,02/03/2011,,7394.00000000
12666,12824452.000000,263823668458,263823.000000,668458.000000,,0.000000,DeSppNK,,GLASGOW_CITY,0.000000,M80W,2011.000000,0.000000,,02/03/2011,,7395.00000000
2428,12749231.000000,263795668462,263795.000000,668462.000000,,0.000000,DeSppNK,,GLASGOW_CITY,0.000000,M80,2008.000000,0.000000,,12/02/2008,,2371.00000000
6125,12824451.000000,263811668471,263811.000000,668471.000000,,0.000000,DeSppNK,,GLASGOW_CITY,0.000000,M80W,2011.000000,0.000000,,24/12/2011,,3338.00000000
563,12751637.000000,263827668482,263827.000000,668482.000000,,0.000000,DeSppNK,,GLASGOW_CITY,0.000000,M80,2008.000000,0.000000,,10/06/2008,,1881.00000000
5098,12751419.000000,263833668488,263833.000000,668488.000000,,0.000000,DeSppNK,,GLASGOW_CITY,0.000000,M80,2007.000000,0.000000,,06/05/2007,,3070.00000000
6132,12824453.000000,263834668489,263834.000000,668489.000000,,0.000000,DeSppNK,,GLASGOW_CITY,0.000000,M80W,2011.000000,0.000000,,21/12/2011,,3345.00000000
3040,12751530.000000,263942668513,263942.000000,668513.000000,,0.000000,DeSppNK,,GLASGOW_CITY,0.000000,M80,2007.000000,0.000000,,28/11/2007,,2531.00000000
2830,12749262.000000,263326668589,263326.000000,668589.000000,,0.000000,DeSppNK,,GLASGOW_CITY,0.000000,M80,2007.000000,0.000000,,29/12/2007,,2473.00000000
8084,12663770.000000,257000668600,257000.000000,668600.000000,,0.000000,DeSppNK,,GLASGOW_CITY,0.000000,A,2004.000000,0.000000,,01/03/2004,,11176.00000000
2791,12751662.000000,264004668632,264004.000000,668632.000000,,0.000000,DeSppNK,,GLASGOW_CITY,0.000000,M80,2008.000000,0.000000,,02/08/2008,,1715.00000000
2025,12751554.000000,263986668640,263986.000000,668640.000000,,0.000000,DeSppNK,,GLASGOW_CITY,0.000000,M80,2008.000000,0.000000,,26/03/2008,,2272.00000000
9235,12650904.000000,254700668700,254700.000000,668700.000000,,0.000000,DeSppNK,,GLASGOW_CITY,0.000000,A82,2004.000000,0.000000,,07/11/2004,,9847.00000000
11175,12728344.000000,264300668700,264300.000000,668700.000000,,0.000000,DeSppNK,,GLASGOW_CITY,0.000000,M80,2006.000000,0.000000,,25/04/2006,,9567.00000000
11845,12805194.000000,264194668739,264194.000000,668739.000000,,0.000000,DeSppNK,,GLASGOW_CITY,0.000000,M80,2010.000000,0.000000,,06/05/2010,,7193.00000000
9236,12653648.000000,254700668800,254700.000000,668800.000000,,0.000000,DeSppNK,,GLASGOW_CITY,0.000000,A82,2004.000000,0.000000,,07/11/2004,,9848.00000000
4178,12827748.000000,260476668889,260476.000000,668889.000000,,0.000000,DeSppNK,,GLASGOW_CITY,0.000000,,2012.000000,0.000000,,19/06/2012,,4437.00000000
9226,12653644.000000,261600668900,261600.000000,668900.000000,,0.000000,DeSppNK,,GLASGOW_CITY,0.000000,B822,2004.000000,0.000000,,10/11/2004,,9838.00000000
1400,12749480.000000,254694669031,254694.000000,669031.000000,,0.000000,DeSppNK,,GLASGOW_CITY,0.000000,A739,2007.000000,0.000000,,22/03/2007,,2105.00000000
5954,12807396.000000,258394669359,258394.000000,669359.000000,,0.000000,DeSppNK,,GLASGOW_CITY,0.000000,A879,2009.000000,0.000000,,20/09/2009,,4079.00000000
12754,12749628.000000,255018669384,255018.000000,669384.000000,,0.000000,DeSppNK,,GLASGOW_CITY,0.000000,A739,2006.000000,0.000000,,22/05/2006,,9036.00000000
10687,12653109.000000,259700669600,259700.000000,669600.000000,,0.000000,DeSppNK,,GLASGOW_CITY,0.000000,,2005.000000,0.000000,,31/07/2005,,8506.00000000
11947,12650900.000000,251900670000,251900.000000,670000.000000,,0.000000,DeSppNK,,GLASGOW_CITY,0.000000,,2004.000000,0.000000,,09/06/2004,,8843.00000000
6529,12585464.000000,260000670000,260000.000000,670000.000000,,0.000000,DeSppNK,,GLASGOW_CITY,0.000000,,2002.000000,0.000000,,10/12/2002,,12349.00000000
7517,38331.000000,260000670000,260000.000000,670000.000000,,0.000000,Roe,,GLASGOW_CITY,0.000000,,2003.000000,0.000000,,27/06/2003,,11788.00000000
2522,12807393.000000,255827670002,255827.000000,670002.000000,,0.000000,DeSppNK,,GLASGOW_CITY,0.000000,A81,2009.000000,0.000000,,10/05/2009,,886.00000000
1253,12749415.000000,256964670658,256964.000000,670658.000000,,0.000000,DeSppNK,,GLASGOW_CITY,0.000000,U,2007.000000,0.000000,,07/06/2007,,2881.00000000
12259,12827730.000000,257230670823,257230.000000,670823.000000,,0.000000,DeSppNK,,GLASGOW_CITY,0.000000,,2012.000000,0.000000,,15/10/2012,,7294.00000000
9852,12814432.000000,257230670823,257230.000000,670823.000000,,0.000000,DeSppNK,,GLASGOW_CITY,0.000000,,2010.000000,0.000000,,01/04/2010,,7512.00000000
12438,12827736.000000,258189671073,258189.000000,671073.000000,,0.000000,DeSppNK,,GLASGOW_CITY,0.000000,,2012.000000,0.000000,,05/02/2012,,7319.00000000
6465,12585463.000000,258300671100,258300.000000,671100.000000,,0.000000,DeSppNK,,GLASGOW_CITY,0.000000,A879,2004.000000,0.000000,,17/01/2004,,11512.00000000
8889,12652942.000000,252300671700,252300.000000,671700.000000,,0.000000,DeSppNK,,GLASGOW_CITY,0.000000,,2005.000000,0.000000,,20/10/2005,,11363.00000000
191,12749103.000000,252279671778,252279.000000,671778.000000,,0.000000,DeSppNK,,GLASGOW_CITY,0.000000,U,2008.000000,0.000000,,26/06/2008,,1812.00000000
4030,12814424.000000,252279671778,252279.000000,671778.000000,,0.000000,DeSppNK,,GLASGOW_CITY,0.000000,,2010.000000,0.000000,,23/07/2010,,5200.00000000
4245,12807391.000000,252087671821,252087.000000,671821.000000,,0.000000,DeSppNK,,GLASGOW_CITY,0.000000,,2009.000000,0.000000,,05/12/2009,,5263.00000000
1549,12755320.000000,252245671838,252245.000000,671838.000000,,0.000000,DeSppNK,,GLASGOW_CITY,0.000000,U,2008.000000,0.000000,,30/11/2008,,1388.00000000
949,12807392.000000,252278671928,252278.000000,671928.000000,,0.000000,DeSppNK,,GLASGOW_CITY,0.000000,,2009.000000,0.000000,,22/01/2009,,1246.00000000
11229,12827729.000000,256687671969,256687.000000,671969.000000,,0.000000,DeSppNK,,GLASGOW_CITY,0.000000,,2012.000000,0.000000,,03/03/2012,,7039.00000000
10754,12749638.000000,257250672714,257250.000000,672714.000000,,0.000000,DeSppNK,,GLASGOW_CITY,0.000000,B8049,2006.000000,0.000000,,10/05/2006,,9302.00000000
4384,12825471.000000,257403672827,257403.000000,672827.000000,,0.000000,DeSppNK,,GLASGOW_CITY,0.000000,B8049,2011.000000,0.000000,,16/09/2011,,4492.00000000
